{
  "onScreenNotifications": [
    {
      "id": "davisjw",
      "soundlocation": "minecraft:entity.player.levelup",
      "bgColor": "#808080",
      "borderColor": "#000000",
      "lines": [
        "§9§nHappy Birthday!!!",
        "§2Happy Birthday to you!",
        "§2Happy Birthday to you!",
        "§5Happy Birthday!",
        "§2Happy Birthday to you!"
      ]
    },
    {
      "id": "example",
      "soundlocation": "minecraft:entity.creeper.primed",
      "lines": [
        "§c§nBoom!!!",
        "§eDid I scare you?"
      ]
    },
		{
			"id": "stage_vanilla",
			"lines": [
				"§c§nWelcome to",
				"§eMinecraft"
			]
		},
		{
			"id": "stage_thaumcraft",
			"lines": [
				"§c§nMagic Mod Enabled",
				"§eThaumcraft"
			]
		},
		{
			"id": "stage_botania",
			"lines": [
				"§c§nMagic Mod Enabled",
				"§eBotania"
			]
		},
		{
			"id": "stage_bloodmagic",
			"lines": [
				"§c§nMagic Mod Enabled",
				"§eBloodMagic"
			]
		},
		{
			"id": "stage_astral",
			"lines": [
				"§c§nMagic Mod Enabled",
				"§eAstral Sourcery"
			]
		},
    {
			"id": "stage_tech_begin",
			"lines": [
				"§c§nTech Mod Enabled",
				"§eBeginning"
			]
		},
    {
			"id": "stage_tech_improved",
			"lines": [
				"§c§nTech Mod Enabled",
				"§eImproved"
			]
		},
    {
			"id": "stage_tech_expert",
			"lines": [
				"§c§nTech Mod Enabled",
				"§eExpert"
			]
		},
    {
			"id": "stage_tech_end",
			"lines": [
				"§c§nTech Mod Enabled",
				"§eEnd Game"
			]
		},
		{
			"id": "stage_creative",
			"lines": [
				"§c§nWelcome to",
				"§eCreative"
			]
		}
  ]
}
